destination_id,month,temperature,humidity,rainfall,aqi
1,1,28.1,66,130.8,195
1,2,32.6,61,143.8,50
1,3,32.0,68,154.0,133
1,4,32.0,75,28.7,160
1,5,28.5,66,4.6,83
1,6,31.6,78,165.4,172
2,1,23.7,42,88.4,98
2,2,26.8,27,41.2,180
2,3,36.8,21,124.6,61
2,4,22.3,34,7.9,163
2,5,21.4,25,97.2,32
2,6,42.3,45,38.7,59
3,1,11.6,49,127.7,152
3,2,17.0,47,52.1,167
3,3,13.0,70,152.3,122
3,4,18.0,54,130.3,125
3,5,19.6,51,180.6,66
3,6,6.5,52,189.1,117
4,1,14.1,44,17.2,107
4,2,6.8,42,95.1,92
4,3,12.7,42,110.4,186
4,4,5.4,51,60.2,32
4,5,14.5,47,177.3,79
4,6,7.2,51,44.4,112
5,1,28.3,79,144.8,80
5,2,31.0,65,2.2,113
5,3,33.2,60,0.6,136
5,4,32.1,90,58.8,65
5,5,25.0,65,170.5,122
5,6,30.7,85,49.4,136
6,1,12.0,41,89.1,52
6,2,5.6,62,161.3,55
6,3,16.1,42,140.6,191
6,4,17.2,47,27.2,84
6,5,19.9,45,50.0,108
6,6,8.4,62,98.8,96
7,1,28.2,86,85.9,115
7,2,29.0,85,27.5,151
7,3,32.0,88,20.0,74
7,4,25.8,72,44.1,160
7,5,26.7,70,116.8,127
7,6,34.2,65,190.7,88
8,1,18.7,60,97.6,101
8,2,15.4,57,163.3,85
8,3,13.6,63,147.3,42
8,4,14.0,58,76.0,43
8,5,16.9,58,38.1,50
8,6,5.1,70,19.1,191
9,1,25.3,74,13.9,45
9,2,34.4,76,165.6,135
9,3,32.6,86,74.1,117
9,4,30.8,81,106.5,199
9,5,25.6,71,128.7,81
9,6,31.3,64,12.4,187
10,1,26.7,67,130.8,90
10,2,27.7,80,55.0,184
10,3,28.3,82,16.0,73
10,4,32.2,81,106.5,33
10,5,25.5,85,83.4,164
10,6,34.2,63,190.3,110
11,1,11.7,54,158.8,178
11,2,8.2,67,135.2,98
11,3,11.0,59,130.4,98
11,4,14.1,45,189.9,180
11,5,11.5,64,105.6,196
11,6,13.4,53,101.8,56
12,1,26.8,73,75.4,186
12,2,26.9,61,6.8,109
12,3,29.5,68,193.7,73
12,4,32.4,79,54.4,66
12,5,32.4,65,168.1,53
12,6,34.0,88,38.3,116
13,1,10.5,66,31.7,131
13,2,16.9,63,193.3,46
13,3,12.3,57,36.4,142
13,4,7.4,54,172.5,58
13,5,8.6,59,138.1,172
13,6,10.9,40,33.7,63
14,1,30.9,67,14.8,121
14,2,33.5,63,142.4,100
14,3,33.3,69,195.9,32
14,4,32.5,66,62.4,54
14,5,33.9,73,0.8,187
14,6,29.9,66,183.5,152
15,1,12.2,59,43.3,126
15,2,9.5,48,93.1,37
15,3,9.1,69,30.3,199
15,4,13.2,67,84.8,133
15,5,15.8,55,148.6,137
15,6,7.8,62,118.7,98
16,1,27.5,82,139.3,68
16,2,26.3,79,60.2,113
16,3,27.4,70,50.3,80
16,4,26.2,75,162.1,33
16,5,31.5,80,69.3,40
16,6,31.2,86,32.4,67
17,1,6.0,53,173.0,125
17,2,18.6,67,44.4,76
17,3,9.1,62,156.0,163
17,4,17.6,49,127.0,196
17,5,12.5,58,39.8,92
17,6,9.0,42,81.4,92
18,1,33.5,64,64.1,64
18,2,30.1,68,61.6,36
18,3,26.4,63,189.6,83
18,4,26.4,75,84.6,35
18,5,33.6,78,191.4,61
18,6,30.6,89,82.2,113
19,1,30.0,61,77.7,84
19,2,34.1,76,74.3,114
19,3,32.4,64,122.7,159
19,4,29.2,82,47.2,58
19,5,30.2,60,64.6,92
19,6,33.0,60,122.8,130
20,1,13.8,65,131.7,126
20,2,8.0,50,4.6,151
20,3,8.5,63,21.9,167
20,4,10.1,59,47.2,149
20,5,11.9,47,43.6,182
20,6,15.0,48,127.4,175
21,1,34.8,85,63.0,197
21,2,34.0,67,199.5,79
21,3,34.1,80,53.2,190
21,4,32.4,66,170.3,113
21,5,33.7,72,115.2,164
21,6,32.7,87,60.8,85
22,1,16.0,59,4.0,112
22,2,18.5,55,149.6,199
22,3,18.7,55,195.0,31
22,4,17.4,52,75.5,109
22,5,13.3,60,193.6,153
22,6,16.9,62,183.3,161
23,1,31.0,72,149.8,158
23,2,28.6,70,22.0,152
23,3,32.7,61,148.0,56
23,4,30.3,66,84.2,131
23,5,34.9,90,45.3,157
23,6,25.1,82,130.9,112
24,1,10.1,51,81.9,116
24,2,6.6,48,125.0,101
24,3,7.6,47,139.7,167
24,4,11.3,49,63.0,185
24,5,9.6,47,127.6,172
24,6,7.6,65,71.0,161
25,1,6.0,62,6.7,192
25,2,5.1,43,134.3,177
25,3,5.4,41,132.8,108
25,4,16.0,61,108.6,137
25,5,9.6,50,100.8,38
25,6,14.7,56,21.8,192
26,1,16.0,62,45.3,114
26,2,10.3,58,98.2,66
26,3,11.0,49,141.8,121
26,4,9.8,51,167.9,70
26,5,9.4,53,111.4,110
26,6,19.0,67,50.7,180
27,1,12.5,44,9.6,41
27,2,6.8,42,76.7,35
27,3,20.0,53,103.7,179
27,4,11.5,54,175.6,140
27,5,16.1,58,35.4,63
27,6,13.7,54,80.4,142
28,1,29.5,71,166.6,199
28,2,32.8,79,171.1,89
28,3,26.0,81,119.3,128
28,4,34.8,74,176.0,53
28,5,29.0,85,71.6,115
28,6,26.8,79,164.2,173
29,1,29.0,87,177.0,196
29,2,25.8,75,127.5,81
29,3,33.8,83,128.3,149
29,4,28.4,84,49.9,190
29,5,29.5,64,95.6,55
29,6,27.2,84,173.4,113
30,1,30.2,72,28.5,35
30,2,29.7,66,170.8,176
30,3,34.1,75,133.2,171
30,4,28.4,80,126.9,143
30,5,30.9,89,69.1,187
30,6,27.1,62,20.6,85
31,1,33.8,69,164.6,76
31,2,31.5,77,64.8,126
31,3,30.7,74,137.8,31
31,4,29.0,84,169.0,147
31,5,28.1,82,68.1,34
31,6,27.2,70,2.5,134
32,1,5.0,51,97.9,41
32,2,9.2,55,101.7,144
32,3,15.0,69,180.3,89
32,4,12.2,63,35.3,150
32,5,15.6,51,97.8,162
32,6,10.4,48,30.3,135
33,1,28.5,84,157.2,178
33,2,31.5,61,124.0,102
33,3,29.7,75,137.9,94
33,4,33.8,63,84.5,138
33,5,29.9,82,55.6,174
33,6,31.2,63,137.9,116
34,1,33.5,81,130.7,33
34,2,25.2,60,50.9,82
34,3,28.6,77,45.6,117
34,4,32.2,84,21.2,42
34,5,29.2,86,94.2,144
34,6,31.3,60,49.3,97
35,1,16.4,51,44.4,38
35,2,14.8,62,91.6,78
35,3,9.2,51,31.0,100
35,4,16.4,44,148.1,66
35,5,13.1,47,40.2,45
35,6,14.1,49,48.2,164
36,1,5.8,64,109.7,44
36,2,13.1,55,174.9,120
36,3,16.6,54,194.6,57
36,4,18.2,45,145.0,34
36,5,5.4,45,193.9,138
36,6,14.5,63,87.9,117
37,1,15.3,56,77.2,163
37,2,13.5,61,199.4,63
37,3,16.3,52,30.1,105
37,4,13.0,54,100.4,200
37,5,18.9,66,32.2,173
37,6,7.1,46,155.6,139
38,1,28.5,70,29.9,35
38,2,28.1,85,107.7,164
38,3,25.6,60,34.8,120
38,4,26.0,74,155.3,130
38,5,33.3,85,12.6,116
38,6,32.1,73,91.4,78
39,1,14.0,64,131.3,103
39,2,19.4,43,109.3,39
39,3,11.7,66,150.9,83
39,4,12.5,46,167.8,118
39,5,6.0,53,49.4,104
39,6,20.0,52,73.5,100
40,1,30.4,83,147.2,112
40,2,33.9,84,141.5,147
40,3,29.1,60,85.1,175
40,4,33.3,82,129.4,102
40,5,32.8,88,78.0,154
40,6,27.1,60,182.8,77
41,1,18.3,39,95.5,60
41,2,29.4,28,40.1,137
41,3,24.1,49,16.7,70
41,4,39.0,25,72.0,60
41,5,23.8,37,161.9,160
41,6,24.8,23,108.5,179
42,1,30.9,60,122.3,32
42,2,34.3,61,34.1,92
42,3,33.7,78,136.1,33
42,4,31.7,87,20.4,179
42,5,25.3,83,46.6,99
42,6,30.6,77,49.4,30
43,1,33.6,79,7.3,30
43,2,29.5,75,167.2,46
43,3,34.0,89,163.4,75
43,4,33.1,79,97.2,78
43,5,27.6,61,135.2,169
43,6,34.5,84,125.9,73
44,1,15.0,45,50.0,132
44,2,15.1,58,56.9,83
44,3,14.2,64,180.2,150
44,4,9.4,44,64.9,155
44,5,13.9,63,102.1,32
44,6,9.6,60,26.2,100
45,1,28.2,76,32.0,80
45,2,27.4,62,43.2,39
45,3,25.7,78,43.7,128
45,4,33.9,80,102.8,71
45,5,26.4,74,193.1,93
45,6,28.4,63,12.8,103
46,1,20.8,23,56.6,113
46,2,26.6,38,89.5,169
46,3,19.5,31,67.8,83
46,4,43.9,49,106.4,194
46,5,36.5,28,58.5,108
46,6,36.2,32,119.9,106
47,1,30.1,66,67.2,81
47,2,34.5,75,19.8,140
47,3,30.5,76,11.7,150
47,4,29.6,61,192.3,140
47,5,34.9,72,73.4,40
47,6,29.0,89,5.4,67
48,1,8.0,52,144.8,51
48,2,9.5,41,94.3,58
48,3,17.6,67,28.7,35
48,4,9.8,47,66.2,51
48,5,7.9,43,101.4,96
48,6,18.4,66,118.2,155
49,1,32.0,78,29.9,69
49,2,31.1,61,143.7,169
49,3,33.7,74,89.2,125
49,4,33.9,76,189.7,112
49,5,31.1,90,125.6,51
49,6,31.8,65,102.9,68
50,1,6.8,67,92.4,180
50,2,17.7,65,11.6,88
50,3,19.6,67,47.2,155
50,4,19.5,56,86.1,134
50,5,9.1,65,16.8,131
50,6,6.8,60,129.5,47
51,1,13.0,40,67.5,90
51,2,9.9,41,176.8,189
51,3,5.2,60,99.8,133
51,4,6.0,67,19.3,95
51,5,5.3,54,86.2,35
51,6,8.5,70,131.3,35
52,1,25.3,64,79.1,78
52,2,29.8,69,134.5,102
52,3,28.8,64,132.6,118
52,4,25.4,74,52.1,141
52,5,26.7,78,109.5,176
52,6,32.4,90,147.8,85
53,1,32.4,70,114.1,33
53,2,25.7,76,156.7,174
53,3,29.4,74,13.2,180
53,4,26.3,75,65.4,56
53,5,29.6,68,59.1,36
53,6,33.7,69,35.6,146
54,1,9.8,60,80.9,81
54,2,18.6,43,146.1,42
54,3,6.9,52,77.1,76
54,4,11.6,42,136.3,136
54,5,6.1,48,7.3,188
54,6,12.7,68,131.6,132
55,1,31.0,62,1.0,181
55,2,33.8,69,111.9,44
55,3,25.6,66,62.4,117
55,4,27.1,78,37.8,192
55,5,29.8,83,25.9,53
55,6,29.3,78,100.2,51
56,1,28.6,83,155.8,174
56,2,32.6,90,39.7,143
56,3,31.7,76,130.7,117
56,4,27.5,87,173.6,185
56,5,26.5,77,11.9,91
56,6,31.2,72,133.9,64
57,1,8.9,42,98.4,192
57,2,17.7,45,122.6,56
57,3,8.3,42,136.1,161
57,4,17.2,50,10.0,104
57,5,17.0,48,133.1,53
57,6,17.9,43,194.6,54
58,1,35.8,47,194.1,76
58,2,31.1,43,156.7,180
58,3,17.8,31,62.1,149
58,4,16.3,41,64.0,102
58,5,42.4,26,35.5,69
58,6,24.6,42,71.7,105
59,1,7.9,69,139.2,104
59,2,15.6,63,122.0,74
59,3,5.9,54,102.9,196
59,4,14.6,66,4.9,37
59,5,17.6,58,111.5,199
59,6,14.0,48,146.2,43
60,1,32.4,82,147.9,133
60,2,31.3,74,32.1,84
60,3,29.0,67,74.4,41
60,4,29.6,76,74.8,111
60,5,33.1,66,57.7,84
60,6,28.6,75,177.8,181
61,1,9.3,51,57.5,31
61,2,18.3,49,83.8,143
61,3,9.2,50,82.0,155
61,4,13.3,41,24.1,154
61,5,19.6,62,65.2,88
61,6,17.2,40,1.1,78
62,1,28.0,78,83.6,54
62,2,26.7,80,185.1,176
62,3,26.6,85,29.8,88
62,4,32.6,72,22.0,58
62,5,28.7,78,93.3,134
62,6,34.4,89,26.4,149
63,1,30.3,76,63.3,145
63,2,34.1,82,5.9,192
63,3,34.3,74,74.8,70
63,4,27.0,85,1.9,92
63,5,33.4,82,139.0,191
63,6,33.8,63,35.6,72
64,1,30.7,86,10.1,56
64,2,32.5,82,32.5,98
64,3,31.1,68,21.2,120
64,4,31.9,89,182.4,68
64,5,26.4,87,33.4,51
64,6,32.5,71,15.2,41
65,1,30.5,88,163.5,184
65,2,30.4,70,185.2,129
65,3,29.1,71,120.2,87
65,4,28.4,86,18.8,99
65,5,33.7,60,109.7,55
65,6,28.0,71,25.8,194
66,1,18.3,65,110.3,32
66,2,11.0,58,31.2,52
66,3,12.3,49,52.4,34
66,4,18.9,48,120.0,115
66,5,7.6,49,121.5,188
66,6,9.0,59,129.5,178
67,1,11.6,68,45.8,60
67,2,10.7,41,89.8,175
67,3,9.3,62,83.6,172
67,4,12.0,63,178.5,119
67,5,6.9,59,69.6,136
67,6,8.7,67,67.2,58
68,1,31.3,90,165.1,140
68,2,29.4,80,66.4,36
68,3,27.8,70,77.5,118
68,4,31.4,76,187.5,46
68,5,30.5,80,165.6,92
68,6,33.4,80,60.1,83
69,1,34.8,70,1.7,167
69,2,34.3,71,18.0,59
69,3,26.3,74,52.0,161
69,4,34.2,82,20.0,66
69,5,29.2,85,124.9,124
69,6,26.7,89,4.9,139
70,1,15.0,40,66.7,177
70,2,13.5,63,147.6,67
70,3,18.2,60,12.9,148
70,4,16.5,52,74.9,130
70,5,8.1,60,106.2,125
70,6,11.1,41,31.5,164
71,1,11.7,52,18.4,189
71,2,11.6,62,82.6,167
71,3,6.4,56,112.7,59
71,4,5.3,60,7.9,157
71,5,15.7,41,35.0,166
71,6,13.8,47,167.5,115
72,1,14.7,40,8.4,200
72,2,19.0,47,12.9,35
72,3,13.0,54,111.3,172
72,4,7.4,56,54.2,66
72,5,7.8,56,184.6,126
72,6,10.3,65,10.6,157
73,1,9.4,56,194.7,42
73,2,7.7,64,81.4,89
73,3,12.1,56,190.4,52
73,4,17.5,61,126.2,180
73,5,5.8,59,87.6,143
73,6,8.6,60,100.1,125
74,1,33.4,75,151.0,180
74,2,33.8,68,111.2,95
74,3,32.5,60,104.5,72
74,4,32.5,65,104.8,52
74,5,34.7,76,25.1,67
74,6,29.1,86,165.9,126
75,1,10.1,53,101.8,188
75,2,18.6,64,87.3,67
75,3,12.8,66,172.5,56
75,4,17.3,70,146.8,189
75,5,11.9,63,163.6,159
75,6,18.8,48,33.7,167
76,1,29.9,81,119.2,113
76,2,33.0,76,79.1,142
76,3,31.9,82,59.3,185
76,4,28.6,89,24.7,123
76,5,29.7,75,87.2,133
76,6,30.7,74,167.7,166
77,1,19.9,44,71.9,139
77,2,16.9,51,66.5,116
77,3,18.6,48,86.2,122
77,4,14.1,56,45.9,98
77,5,8.0,41,118.9,182
77,6,19.5,47,31.7,168
78,1,13.6,66,47.4,195
78,2,19.9,61,49.7,113
78,3,15.0,63,185.3,124
78,4,8.9,46,162.5,158
78,5,13.4,53,99.9,184
78,6,6.6,49,34.7,51
79,1,12.7,61,85.2,149
79,2,16.2,61,82.3,151
79,3,6.5,68,155.4,197
79,4,10.5,63,25.0,41
79,5,14.2,62,70.1,126
79,6,6.6,65,49.3,174
80,1,27.3,89,94.1,200
80,2,31.6,71,163.9,40
80,3,34.9,69,61.2,46
80,4,30.4,71,126.5,32
80,5,32.4,73,7.3,32
80,6,34.7,90,155.8,182
81,1,30.2,67,151.2,89
81,2,33.4,76,79.9,112
81,3,32.2,70,109.1,151
81,4,31.0,85,38.6,37
81,5,34.0,68,110.8,184
81,6,34.3,67,108.6,97
82,1,25.7,75,3.3,163
82,2,29.7,67,172.9,78
82,3,33.2,84,163.3,101
82,4,25.7,76,30.0,129
82,5,31.3,73,138.6,129
82,6,30.3,89,142.3,50
83,1,29.7,74,179.5,99
83,2,33.3,80,79.9,35
83,3,32.7,70,175.6,106
83,4,34.0,60,68.8,195
83,5,25.6,61,176.4,39
83,6,25.6,80,30.4,31
84,1,31.9,65,12.4,60
84,2,26.2,79,1.6,128
84,3,33.3,77,96.0,31
84,4,32.5,79,8.0,43
84,5,33.0,65,49.2,134
84,6,32.4,87,82.7,101
85,1,10.2,49,67.8,192
85,2,14.4,64,6.7,152
85,3,13.9,49,160.9,194
85,4,10.3,59,28.3,33
85,5,7.5,70,45.5,194
85,6,17.6,65,26.0,150
86,1,33.2,88,52.4,93
86,2,28.4,66,30.4,137
86,3,34.3,89,128.9,81
86,4,31.9,75,8.0,117
86,5,29.5,85,96.1,109
86,6,25.9,73,183.0,138
87,1,26.5,69,140.0,174
87,2,30.1,81,131.0,190
87,3,34.7,68,96.0,50
87,4,29.3,84,129.4,87
87,5,29.2,83,19.6,112
87,6,28.8,65,134.4,192
88,1,27.0,47,153.3,96
88,2,35.1,50,73.2,198
88,3,15.9,22,127.0,115
88,4,41.2,20,2.4,34
88,5,40.8,35,195.7,194
88,6,21.8,30,117.2,53
89,1,26.0,65,105.4,137
89,2,32.0,67,23.9,163
89,3,30.2,79,67.8,144
89,4,25.4,73,5.7,139
89,5,25.9,79,124.1,124
89,6,33.2,69,189.2,118
90,1,31.9,70,150.4,122
90,2,27.4,60,122.6,69
90,3,25.3,82,77.6,189
90,4,33.3,78,180.1,196
90,5,31.6,90,55.0,170
90,6,34.9,83,117.1,111
91,1,30.6,64,130.9,162
91,2,26.4,63,128.9,108
91,3,33.6,78,154.6,194
91,4,31.9,73,37.8,32
91,5,30.0,79,139.3,152
91,6,35.0,64,131.4,116
92,1,26.1,77,182.2,88
92,2,26.9,90,126.4,115
92,3,27.4,86,117.3,50
92,4,34.9,65,160.3,87
92,5,31.0,83,83.5,181
92,6,27.2,69,51.6,188
93,1,31.5,60,89.5,111
93,2,27.9,66,106.7,73
93,3,26.6,80,145.5,37
93,4,30.7,74,6.7,158
93,5,34.8,78,64.1,154
93,6,34.9,69,180.4,164
94,1,26.4,75,105.8,173
94,2,26.6,71,116.1,162
94,3,34.3,72,104.9,41
94,4,29.7,77,152.5,41
94,5,33.4,63,138.6,57
94,6,28.1,78,162.6,178
95,1,33.3,67,40.7,190
95,2,30.0,83,134.8,97
95,3,28.6,75,34.0,128
95,4,32.9,80,75.0,164
95,5,28.3,82,100.5,195
95,6,33.0,77,14.8,193
96,1,8.9,51,97.4,165
96,2,15.8,47,179.1,134
96,3,19.1,56,5.9,42
96,4,15.4,49,62.6,61
96,5,10.0,49,92.5,49
96,6,19.6,63,87.9,51
97,1,17.1,40,130.7,36
97,2,16.4,40,179.9,92
97,3,10.1,44,171.5,151
97,4,9.9,43,92.8,74
97,5,12.9,47,25.8,189
97,6,9.6,66,110.1,159
98,1,34.9,88,47.9,39
98,2,32.2,61,179.2,185
98,3,30.1,83,128.8,124
98,4,31.5,83,108.9,159
98,5,25.7,84,80.7,55
98,6,29.7,90,147.1,150
99,1,25.3,77,114.0,83
99,2,30.1,75,156.1,62
99,3,26.1,81,26.2,168
99,4,27.5,60,86.7,127
99,5,29.2,77,197.2,99
99,6,32.8,77,98.6,103
100,1,31.1,62,90.4,80
100,2,34.3,64,5.8,74
100,3,27.8,82,110.7,148
100,4,34.8,88,91.3,85
100,5,28.4,76,135.7,128
100,6,30.7,87,159.1,62
101,1,30.1,35,148.7,97
101,2,43.7,27,178.4,104
101,3,19.1,21,193.1,114
101,4,15.5,29,11.1,179
101,5,39.9,31,8.2,191
101,6,21.3,47,190.3,102
102,1,28.5,66,171.1,145
102,2,33.1,71,2.5,75
102,3,33.8,80,76.8,175
102,4,26.7,82,183.1,195
102,5,26.6,62,94.3,51
102,6,28.7,68,17.4,169
103,1,14.8,68,142.2,159
103,2,11.8,41,28.6,85
103,3,11.4,60,17.6,184
103,4,13.7,65,34.0,69
103,5,19.0,58,136.2,143
103,6,17.5,48,196.1,194
104,1,9.3,43,186.0,71
104,2,7.2,53,130.2,198
104,3,5.0,67,167.6,166
104,4,11.3,40,189.1,133
104,5,9.4,60,133.9,30
104,6,18.7,41,98.7,56
105,1,27.3,80,74.1,176
105,2,31.1,83,46.9,93
105,3,25.9,77,124.1,158
105,4,28.2,62,101.6,140
105,5,32.3,87,0.6,98
105,6,26.3,62,175.5,197
106,1,26.6,89,28.0,145
106,2,27.7,76,194.0,101
106,3,29.0,82,98.8,128
106,4,32.2,70,4.8,145
106,5,28.1,62,113.8,89
106,6,27.5,70,55.4,66
107,1,31.3,81,1.8,167
107,2,28.6,84,199.8,50
107,3,28.6,85,114.2,97
107,4,29.5,86,167.2,32
107,5,31.9,73,183.4,124
107,6,27.2,86,34.2,106
108,1,14.8,44,152.0,173
108,2,5.3,47,141.2,137
108,3,5.0,58,96.0,104
108,4,16.6,40,162.8,146
108,5,13.9,62,164.8,192
108,6,13.3,61,164.1,83
109,1,32.6,65,7.2,163
109,2,30.5,74,78.9,53
109,3,25.9,81,176.5,144
109,4,33.4,66,198.4,71
109,5,33.2,88,189.0,138
109,6,33.7,83,165.2,196
110,1,25.3,31,198.4,198
110,2,31.7,37,166.4,178
110,3,39.8,31,163.9,148
110,4,33.6,23,131.6,70
110,5,17.4,36,80.0,167
110,6,19.9,27,111.3,121
111,1,10.2,61,69.0,37
111,2,16.7,68,116.8,94
111,3,11.1,54,47.2,159
111,4,17.2,70,1.3,168
111,5,15.0,56,18.4,154
111,6,16.6,44,169.7,101
112,1,11.5,41,16.0,61
112,2,6.3,53,184.5,136
112,3,8.5,60,24.1,46
112,4,5.4,69,183.5,98
112,5,13.2,50,91.3,185
112,6,14.7,46,172.3,87
113,1,33.3,76,20.3,67
113,2,27.5,63,159.3,155
113,3,29.1,78,196.1,100
113,4,30.5,73,17.4,114
113,5,31.1,60,22.8,111
113,6,26.7,78,185.9,197
114,1,17.0,54,132.7,32
114,2,9.1,61,184.3,47
114,3,7.8,67,89.1,112
114,4,5.1,58,38.2,192
114,5,5.0,53,142.9,56
114,6,19.9,47,68.2,118
115,1,31.6,79,123.4,61
115,2,33.8,75,88.3,59
115,3,29.3,69,11.8,50
115,4,33.1,65,64.1,117
115,5,27.0,68,71.9,146
115,6,31.1,75,27.8,37
116,1,12.5,59,151.3,79
116,2,12.4,50,115.1,139
116,3,6.6,63,107.0,173
116,4,8.0,55,134.0,34
116,5,6.6,57,185.3,41
116,6,18.7,45,99.4,91
117,1,29.0,68,143.1,120
117,2,34.9,75,79.6,191
117,3,32.8,71,195.4,157
117,4,26.7,81,179.0,118
117,5,28.1,66,180.6,108
117,6,29.7,77,191.2,44
118,1,6.8,45,86.2,198
118,2,5.2,49,106.7,174
118,3,15.7,46,67.4,163
118,4,7.8,55,143.8,98
118,5,11.7,43,198.0,133
118,6,18.5,70,64.6,194
119,1,6.2,49,51.8,34
119,2,17.9,47,35.8,80
119,3,6.9,48,126.9,194
119,4,18.4,58,196.8,95
119,5,17.3,55,52.9,114
119,6,12.6,43,72.0,183
120,1,28.8,69,66.1,168
120,2,26.5,75,188.8,147
120,3,32.0,60,51.6,141
120,4,30.1,78,40.1,98
120,5,26.7,63,104.8,111
120,6,34.3,69,105.0,45
121,1,5.2,40,78.9,33
121,2,17.8,62,98.9,132
121,3,19.7,48,6.2,62
121,4,13.4,70,165.6,191
121,5,18.9,40,134.8,76
121,6,12.0,47,104.1,69
122,1,13.4,59,168.1,111
122,2,12.4,66,28.4,132
122,3,15.2,45,13.4,72
122,4,10.3,68,168.4,122
122,5,11.8,47,144.7,152
122,6,9.9,65,81.2,185
123,1,11.7,64,76.5,182
123,2,5.6,52,23.3,164
123,3,18.1,47,122.8,134
123,4,13.0,45,160.7,161
123,5,14.8,70,41.5,179
123,6,6.1,50,88.3,151
124,1,30.5,66,2.1,79
124,2,25.3,71,75.8,94
124,3,25.8,77,118.9,170
124,4,30.8,81,97.0,108
124,5,30.2,81,163.8,146
124,6,28.2,80,107.2,83
125,1,18.7,61,38.4,54
125,2,20.0,68,166.0,92
125,3,15.1,40,149.1,63
125,4,18.6,42,65.3,155
125,5,8.6,60,184.9,31
125,6,13.0,46,140.4,55
126,1,33.5,72,140.5,66
126,2,30.0,78,57.8,89
126,3,34.8,62,171.8,181
126,4,30.1,64,11.7,105
126,5,30.2,63,81.3,46
126,6,26.9,73,197.7,172
127,1,30.5,86,147.3,124
127,2,29.8,80,12.4,125
127,3,30.4,88,120.9,134
127,4,29.7,78,83.1,70
127,5,31.4,80,48.0,32
127,6,26.7,86,81.3,137
128,1,14.2,41,158.3,65
128,2,14.6,54,144.0,83
128,3,13.4,63,185.4,134
128,4,11.5,45,115.1,177
128,5,6.0,54,187.5,47
128,6,17.6,57,158.7,180
129,1,34.2,62,131.3,118
129,2,31.7,72,97.1,116
129,3,25.5,77,35.0,32
129,4,33.4,68,98.8,86
129,5,25.2,78,26.1,177
129,6,31.7,87,89.3,160
130,1,34.8,65,55.7,170
130,2,34.8,80,164.7,120
130,3,29.2,64,6.2,46
130,4,33.1,78,3.7,99
130,5,32.1,67,146.6,65
130,6,29.7,89,175.8,42
131,1,30.2,85,73.7,32
131,2,31.1,81,21.1,49
131,3,29.6,69,132.5,181
131,4,30.0,64,25.4,134
131,5,30.4,73,96.1,134
131,6,35.0,67,125.4,182
132,1,27.7,84,74.5,93
132,2,28.6,76,153.2,76
132,3,34.8,89,12.3,64
132,4,34.9,78,126.6,47
132,5,34.9,82,152.8,124
132,6,33.9,71,14.0,97
133,1,29.9,90,198.3,70
133,2,27.4,69,41.8,140
133,3,28.9,73,56.5,189
133,4,30.3,85,131.5,191
133,5,29.3,70,159.8,31
133,6,27.2,71,3.8,128
134,1,30.1,82,9.4,56
134,2,28.2,64,89.6,133
134,3,28.5,79,160.1,38
134,4,27.5,74,165.1,122
134,5,33.8,76,68.6,185
134,6,31.7,66,165.9,189
135,1,14.6,68,46.6,63
135,2,17.3,45,117.6,61
135,3,14.1,63,126.9,154
135,4,18.5,47,129.7,95
135,5,8.3,47,119.6,157
135,6,6.0,47,82.8,39
136,1,29.4,79,44.7,143
136,2,32.2,81,146.1,195
136,3,34.9,72,23.9,159
136,4,33.4,87,107.0,42
136,5,34.4,80,16.1,149
136,6,33.0,62,82.3,128
137,1,14.8,58,192.5,98
137,2,14.7,41,66.0,117
137,3,10.7,64,135.4,97
137,4,6.9,54,162.1,63
137,5,5.5,60,130.1,161
137,6,18.5,45,126.7,60
138,1,32.6,89,134.0,79
138,2,29.4,70,176.1,132
138,3,33.1,77,194.5,142
138,4,32.5,63,52.7,86
138,5,29.1,89,106.5,89
138,6,33.4,62,196.4,110
139,1,18.4,59,188.4,158
139,2,12.7,55,137.9,33
139,3,5.9,44,73.7,165
139,4,13.3,45,111.6,130
139,5,5.7,64,65.2,93
139,6,8.5,49,13.8,59
140,1,34.6,65,34.9,48
140,2,27.2,64,14.3,36
140,3,31.3,78,186.1,68
140,4,34.2,87,190.6,78
140,5,29.6,83,186.5,189
140,6,33.7,89,34.8,137
141,1,27.4,64,113.0,86
141,2,31.6,61,180.4,33
141,3,26.5,66,34.0,112
141,4,26.6,64,53.5,40
141,5,28.9,64,26.1,54
141,6,29.8,69,148.5,133
142,1,25.4,72,53.8,181
142,2,31.8,76,147.7,94
142,3,29.5,73,121.8,192
142,4,33.6,65,118.4,74
142,5,29.6,78,141.5,178
142,6,25.2,85,164.1,110
143,1,25.5,77,37.3,192
143,2,34.1,84,192.8,140
143,3,32.2,79,26.5,171
143,4,26.7,81,123.7,71
143,5,33.7,88,66.3,177
143,6,30.3,82,180.2,104
144,1,28.2,74,53.3,49
144,2,32.5,72,108.5,186
144,3,25.4,89,171.4,167
144,4,28.4,69,39.7,195
144,5,25.1,85,187.4,189
144,6,34.6,67,23.5,97
145,1,30.2,84,153.6,75
145,2,34.7,79,9.9,191
145,3,34.4,84,168.2,107
145,4,28.4,67,52.7,172
145,5,32.4,68,23.6,64
145,6,27.3,72,187.3,48
146,1,11.3,66,73.6,87
146,2,5.5,61,153.4,171
146,3,6.0,61,92.2,79
146,4,19.6,60,52.4,106
146,5,10.0,64,3.0,121
146,6,16.7,48,29.1,45
147,1,28.5,73,136.5,81
147,2,30.2,84,102.1,33
147,3,31.4,84,75.7,59
147,4,27.5,80,138.6,151
147,5,32.0,67,132.0,199
147,6,33.1,70,58.1,40
148,1,25.2,88,34.2,65
148,2,25.1,65,175.5,141
148,3,32.7,77,197.3,137
148,4,30.8,63,31.4,30
148,5,33.4,75,5.7,70
148,6,29.8,80,4.1,89
149,1,30.2,65,196.7,45
149,2,25.5,81,7.5,180
149,3,25.1,62,21.9,173
149,4,25.5,78,190.0,173
149,5,33.9,63,154.6,30
149,6,27.0,90,108.8,165
150,1,29.8,63,66.8,104
150,2,26.1,76,116.1,71
150,3,29.3,69,195.2,50
150,4,33.7,88,78.8,102
150,5,33.7,79,71.0,123
150,6,28.7,67,102.0,42
151,1,13.6,70,116.2,111
151,2,14.9,45,194.6,74
151,3,18.8,63,172.0,122
151,4,13.2,46,189.2,163
151,5,8.4,42,139.3,165
151,6,18.7,50,62.4,186
152,1,11.1,45,53.1,68
152,2,20.0,69,181.4,133
152,3,5.9,55,36.3,95
152,4,12.7,44,36.7,36
152,5,17.6,40,2.9,104
152,6,8.4,43,190.8,47
153,1,11.5,41,120.7,36
153,2,16.1,54,129.9,95
153,3,15.8,40,32.1,57
153,4,19.2,68,184.0,85
153,5,18.9,41,100.7,33
153,6,10.6,66,35.0,86
154,1,32.7,75,56.7,121
154,2,26.2,77,151.7,61
154,3,32.5,89,164.1,75
154,4,31.9,80,102.8,122
154,5,25.8,68,88.3,91
154,6,30.7,88,115.1,113
155,1,21.7,38,182.0,192
155,2,32.4,23,143.6,198
155,3,41.9,46,98.9,171
155,4,36.5,32,110.0,195
155,5,40.1,36,151.3,138
155,6,18.8,37,37.4,59
156,1,33.1,66,171.0,66
156,2,27.6,80,58.4,60
156,3,30.8,74,199.9,190
156,4,27.0,84,114.8,174
156,5,27.3,78,72.1,108
156,6,27.7,89,147.1,115
157,1,32.3,68,155.8,128
157,2,27.4,64,17.4,76
157,3,29.4,60,172.2,130
157,4,32.8,87,148.7,65
157,5,29.3,86,84.3,40
157,6,30.6,84,155.1,106
158,1,18.0,53,193.2,193
158,2,12.3,55,120.3,179
158,3,19.6,58,77.1,70
158,4,12.8,55,188.0,85
158,5,8.5,66,142.8,194
158,6,19.1,63,121.0,163
159,1,17.0,66,156.7,69
159,2,9.8,65,111.2,44
159,3,9.6,60,79.7,71
159,4,10.3,51,199.8,112
159,5,18.2,40,174.6,58
159,6,16.8,47,120.8,115
160,1,33.0,62,195.7,79
160,2,25.7,71,169.4,47
160,3,28.0,76,66.8,153
160,4,34.8,62,90.0,90
160,5,32.7,90,12.7,77
160,6,34.3,80,82.1,50
161,1,34.0,90,89.5,93
161,2,26.0,71,90.4,139
161,3,31.5,69,37.3,161
161,4,31.6,83,78.5,60
161,5,30.7,89,196.9,97
161,6,34.7,88,138.9,60
162,1,29.2,77,22.9,34
162,2,29.8,81,67.4,70
162,3,28.5,80,168.2,133
162,4,26.2,90,169.7,114
162,5,25.4,76,72.2,58
162,6,25.9,87,126.6,167
163,1,42.6,47,167.9,33
163,2,27.0,23,69.3,152
163,3,17.8,30,92.6,149
163,4,43.9,21,49.6,148
163,5,18.1,44,22.2,179
163,6,24.3,24,181.7,146
164,1,6.2,41,39.6,128
164,2,19.7,69,189.6,141
164,3,8.1,57,140.6,150
164,4,14.3,57,13.0,119
164,5,13.8,62,178.8,116
164,6,11.4,70,147.9,130
165,1,30.7,87,67.8,112
165,2,31.5,82,118.4,57
165,3,28.3,84,176.7,76
165,4,29.7,70,133.1,185
165,5,25.3,72,160.9,56
165,6,28.4,88,125.2,130
166,1,27.6,84,44.3,46
166,2,28.8,67,3.0,36
166,3,33.4,60,5.9,119
166,4,32.8,65,173.4,41
166,5,30.3,65,40.6,30
166,6,33.6,79,75.7,166
167,1,34.5,76,137.2,170
167,2,32.3,87,46.1,52
167,3,27.9,72,39.6,160
167,4,29.1,73,108.4,97
167,5,27.7,81,155.1,68
167,6,26.1,79,158.4,153
168,1,16.5,52,29.6,66
168,2,14.4,55,108.5,179
168,3,9.6,68,153.1,30
168,4,7.9,40,1.4,84
168,5,14.9,40,31.9,59
168,6,10.0,44,70.4,109
169,1,32.0,76,49.5,179
169,2,32.0,63,22.0,59
169,3,25.3,78,98.6,33
169,4,34.0,62,37.3,96
169,5,31.7,88,30.4,80
169,6,29.0,82,28.4,136
170,1,29.9,88,35.8,73
170,2,31.0,74,20.7,93
170,3,32.3,61,175.9,183
170,4,34.9,90,64.7,114
170,5,33.8,60,124.2,101
170,6,27.3,72,143.2,193
171,1,32.8,73,114.6,101
171,2,30.5,66,5.5,134
171,3,28.7,85,79.3,177
171,4,27.0,83,5.4,192
171,5,31.1,67,101.6,153
171,6,28.2,70,83.0,145
172,1,28.8,62,46.9,76
172,2,30.6,67,38.6,100
172,3,33.5,68,47.1,35
172,4,31.9,75,18.0,74
172,5,29.9,83,160.9,118
172,6,25.8,86,38.6,121
173,1,9.3,43,58.1,58
173,2,16.4,43,128.8,52
173,3,6.2,56,51.1,111
173,4,18.8,65,82.3,53
173,5,19.5,52,165.2,91
173,6,16.5,60,80.5,166
174,1,29.2,71,17.9,79
174,2,29.7,64,94.8,183
174,3,25.0,71,71.5,32
174,4,33.7,69,132.0,82
174,5,26.1,66,171.3,109
174,6,29.1,68,43.1,145
175,1,23.5,39,187.8,158
175,2,40.1,42,34.8,185
175,3,40.5,35,154.9,195
175,4,27.2,22,198.8,149
175,5,30.4,36,142.1,30
175,6,41.8,22,128.4,67
176,1,27.2,39,113.1,52
176,2,43.3,39,10.2,137
176,3,20.1,44,60.9,66
176,4,15.8,25,179.4,81
176,5,16.1,43,67.5,154
176,6,41.7,23,158.3,173
177,1,12.5,62,41.5,200
177,2,18.2,56,4.0,173
177,3,16.6,42,39.3,141
177,4,17.0,66,182.7,174
177,5,9.4,48,143.1,63
177,6,6.8,45,67.3,167
178,1,26.8,63,112.0,180
178,2,30.6,69,63.9,130
178,3,30.8,65,113.0,70
178,4,28.6,77,140.0,106
178,5,32.6,89,127.4,34
178,6,29.8,64,23.1,139
179,1,39.4,49,127.4,180
179,2,35.9,31,124.9,120
179,3,21.8,28,53.6,86
179,4,38.1,22,128.5,186
179,5,29.0,47,11.2,93
179,6,43.2,45,129.0,188
180,1,28.6,61,95.9,30
180,2,33.8,79,88.9,103
180,3,25.6,88,48.9,175
180,4,34.5,66,65.3,59
180,5,32.8,84,115.9,178
180,6,27.0,66,197.7,163
181,1,29.2,76,168.5,200
181,2,30.8,81,64.6,46
181,3,33.7,82,76.7,92
181,4,33.7,72,192.2,129
181,5,27.3,62,135.5,177
181,6,25.5,78,23.5,30
182,1,41.6,27,125.6,54
182,2,30.6,50,154.6,120
182,3,18.7,40,182.5,187
182,4,29.7,26,55.5,164
182,5,26.8,34,136.7,52
182,6,28.6,43,97.4,104
183,1,10.5,65,3.7,193
183,2,15.9,51,186.4,131
183,3,12.5,53,109.7,105
183,4,16.7,55,186.8,176
183,5,5.8,62,11.5,191
183,6,7.9,65,138.9,122
184,1,30.8,81,108.2,48
184,2,30.8,87,178.7,93
184,3,31.2,62,23.5,154
184,4,25.6,70,116.2,105
184,5,28.9,78,78.0,96
184,6,34.5,75,115.8,146
185,1,15.0,46,175.7,178
185,2,7.1,59,53.3,53
185,3,8.4,47,146.3,62
185,4,13.8,51,147.5,101
185,5,14.5,60,132.3,119
185,6,16.2,50,46.4,109
186,1,26.3,63,57.0,91
186,2,33.2,82,184.1,134
186,3,28.5,77,177.8,180
186,4,32.7,89,124.7,36
186,5,27.0,81,176.7,96
186,6,25.5,78,108.2,53
187,1,29.3,75,181.9,172
187,2,31.4,66,37.3,70
187,3,26.2,60,45.0,168
187,4,28.4,79,53.3,63
187,5,30.7,86,66.4,55
187,6,28.2,65,21.0,165
188,1,37.8,33,139.7,84
188,2,42.4,20,107.1,192
188,3,28.9,42,79.6,153
188,4,27.9,24,55.2,42
188,5,24.3,22,66.5,168
188,6,35.6,47,145.5,45
189,1,33.0,64,96.8,182
189,2,30.7,80,113.8,176
189,3,31.9,68,171.7,191
189,4,25.6,89,150.9,162
189,5,31.2,76,115.5,74
189,6,28.9,65,178.4,177
190,1,27.3,84,141.1,195
190,2,28.8,68,11.2,197
190,3,29.2,73,198.7,39
190,4,25.3,65,173.6,75
190,5,30.8,84,140.8,155
190,6,25.2,69,118.1,79
191,1,28.5,71,42.4,60
191,2,29.7,61,96.1,163
191,3,29.9,75,119.0,92
191,4,33.9,83,110.5,186
191,5,26.2,79,71.6,41
191,6,30.9,76,61.6,92
192,1,34.4,75,89.0,95
192,2,26.0,87,59.9,139
192,3,33.7,80,162.3,107
192,4,31.8,89,143.7,186
192,5,25.4,65,110.7,75
192,6,30.8,69,40.2,177
193,1,8.9,44,153.5,143
193,2,8.9,41,13.7,122
193,3,14.0,45,11.3,128
193,4,9.7,45,91.0,50
193,5,14.1,63,83.9,170
193,6,5.3,51,195.7,197
194,1,25.5,72,91.5,161
194,2,27.4,66,178.1,165
194,3,34.5,90,105.5,139
194,4,30.6,74,185.7,80
194,5,30.3,76,96.6,187
194,6,31.4,79,135.3,143
195,1,26.5,90,197.4,116
195,2,34.7,77,148.6,57
195,3,28.6,87,19.2,140
195,4,31.0,79,33.9,157
195,5,26.0,82,5.0,75
195,6,27.1,85,115.6,150
196,1,17.8,66,3.2,86
196,2,6.0,49,71.0,124
196,3,5.9,46,106.0,159
196,4,16.3,45,100.8,186
196,5,11.6,65,144.5,40
196,6,10.6,50,53.1,187
197,1,30.5,62,23.1,166
197,2,25.1,77,18.0,141
197,3,33.2,88,1.8,169
197,4,30.7,88,131.0,184
197,5,34.8,82,23.5,160
197,6,26.1,90,96.7,98
198,1,8.6,61,59.3,38
198,2,6.6,42,67.8,191
198,3,9.3,69,137.2,81
198,4,8.0,50,122.5,138
198,5,17.6,41,12.1,147
198,6,5.6,50,40.7,188
199,1,27.9,24,146.1,144
199,2,44.6,37,83.9,162
199,3,27.3,48,39.8,58
199,4,28.3,33,35.3,43
199,5,33.3,28,146.7,67
199,6,41.7,49,96.0,108
200,1,28.7,75,120.0,195
200,2,29.0,86,83.3,72
200,3,29.0,89,137.6,133
200,4,31.0,77,164.3,34
200,5,28.1,74,123.4,125
200,6,30.6,81,145.7,85
